{"cameraMode":{"drawMode":0,"name":"Shaded","section":"Shading Mode"},"sceneLighting":true,"audioPlay":false,"sceneViewState":{"m_AlwaysRefresh":true,"showFog":true,"showSkybox":true,"showFlares":true,"showImageEffects":true,"showParticleSystems":true,"showVisualEffectGraphs":true,"m_FxEnabled":true},"in2DMode":false,"pivot":{"x":63.982967376708987,"y":13.613004684448243,"z":81.05056762695313},"rotation":{"x":-0.31401798129081728,"y":-0.5412111878395081,"z":0.22779862582683564,"w":-0.7460512518882752},"size":20.80012321472168,"orthographic":false}